Feature,Importance
TORQUE|6,0.6968009159389673
TORQUE|1,0.5254904679158212
TORQUE|2,0.2866407426178203
LOAD|6,0.27848294844728605
TORQUE|3,0.2278672911730113
LOAD|2,0.039373873888033414
LOAD|3,0.014968859783408506
CTRL_DIFF2|6,0.0038333830934755065
LOAD|1,0.003527458289518182
TORQUE_FFW|1,0.0
TORQUE_FFW|2,0.0
TORQUE_FFW|3,0.0
TORQUE_FFW|6,0.0
