Feature,Importance
TORQUE|6,0.6978650498011746
TORQUE|1,0.5622608074313804
LOAD|6,0.2831962746219754
TORQUE|2,0.27717588779056096
TORQUE|3,0.260083209329265
LOAD|2,0.13581781103713184
LOAD|3,0.03061853128940083
CTRL_DIFF2|6,0.017843062486104833
LOAD|1,0.014720646373713463
TORQUE_FFW|1,0.0
TORQUE_FFW|2,0.0
TORQUE_FFW|3,0.0
TORQUE_FFW|6,0.0
