Feature,Importance
TORQUE|1,0.8958036292736885
TORQUE|6,0.8398821874085456
CTRL_DIFF2|6,0.28494413705524335
LOAD|3,0.2626451550551147
LOAD|6,0.20162774793997898
LOAD|1,0.01316562058631402
CTRL_DIFF|6,0.0
CONT_DEV|6,0.0
TORQUE_FFW|1,0.0
TORQUE_FFW|2,0.0
TORQUE_FFW|3,0.0
TORQUE_FFW|6,0.0
