Feature,Importance
TORQUE|6,0.895350615875454
TORQUE|1,0.7115220778242992
LOAD|6,0.36432827464017886
LOAD|3,0.2656578333950261
LOAD|1,0.022641592123794997
CTRL_DIFF|6,0.0
CONT_DEV|6,0.0
TORQUE_FFW|1,0.0
TORQUE_FFW|2,0.0
TORQUE_FFW|3,0.0
TORQUE_FFW|6,0.0
