Feature,Importance
TORQUE|6,1.0306321278765336
TORQUE|1,0.955067417473131
LOAD|6,0.5064082529231285
LOAD|3,0.3452639918893629
LOAD|1,0.061755309095453195
CTRL_DIFF|6,0.0
CONT_DEV|6,0.0
TORQUE_FFW|1,0.0
TORQUE_FFW|2,0.0
TORQUE_FFW|3,0.0
TORQUE_FFW|6,0.0
