Feature,Importance
TORQUE|6,0.856157991114564
TORQUE|1,0.6189301906941839
LOAD|6,0.36463602262459915
TORQUE|2,0.36352897144761637
TORQUE|3,0.3450888316571913
CTRL_DIFF2|6,0.04960466478383456
LOAD|2,0.03422436046210205
LOAD|3,0.03240358073547529
LOAD|1,0.0036034754041617822
TORQUE_FFW|1,0.0
TORQUE_FFW|2,0.0
TORQUE_FFW|3,0.0
TORQUE_FFW|6,0.0
