Feature,Importance
TORQUE|1,0.7852059685266525
TORQUE|6,0.780373572635093
LOAD|3,0.22198308909844866
CTRL_DIFF2|6,0.21405321001215158
LOAD|6,0.17882723097090986
LOAD|1,0.04156303646637658
CTRL_DIFF|6,0.0
CONT_DEV|6,0.0
TORQUE_FFW|1,0.0
TORQUE_FFW|2,0.0
TORQUE_FFW|3,0.0
TORQUE_FFW|6,0.0
