Feature,Importance
TORQUE|1,0.06640587645667757
TORQUE|6,0.0035484655746378393
LOAD|1,0.0023893939690617884
CTRL_DIFF2|6,0.001978601139612938
LOAD|3,0.0011355377638603472
LOAD|6,0.0013675450646021248
CTRL_DIFF|6,0.0
CONT_DEV|6,0.0
TORQUE_FFW|1,0.0
TORQUE_FFW|2,0.0
TORQUE_FFW|3,0.0
TORQUE_FFW|6,0.0
