Feature,Importance
TORQUE|1,0.03709735493085004
LOAD|6,0.0008412500121660212
TORQUE|6,0.0008465146733428711
LOAD|2,0.0009169903006740253
TORQUE|2,0.0009178489108040586
CTRL_DIFF2|6,0.0008967103385633378
LOAD|3,0.0009512577177566246
TORQUE|3,0.0009400684699137912
LOAD|1,0.0028222578075527234
TORQUE_FFW|6,0.0
TORQUE_FFW|1,0.0
