Feature,Importance
TORQUE|1,0.07043626988708164
TORQUE|6,0.0012962951865219037
CTRL_DIFF2|6,0.0012325314550457654
LOAD|6,0.0013176262356760918
LOAD|3,0.0012746225164318233
LOAD|1,0.001370253823824205
CTRL_DIFF|6,0.0
CONT_DEV|6,0.0
TORQUE_FFW|1,0.0
TORQUE_FFW|2,0.0
TORQUE_FFW|3,0.0
TORQUE_FFW|6,0.0
