Feature,Importance
TORQUE|1,0.07929725508190567
LOAD|1,0.0038709633925415547
LOAD|3,0.0015698485169980052
LOAD|6,0.0017053250099412847
TORQUE|6,0.0016494744743377802
TORQUE_FFW|2,0.0
TORQUE_FFW|3,0.0
TORQUE_FFW|6,0.0
CTRL_DIFF|6,0.0
CONT_DEV|6,0.0
TORQUE_FFW|1,0.0
