Feature,Importance
TORQUE|1,0.02674328786693118
LOAD|6,0.0006649154103519535
TORQUE|2,0.0006897368806906948
CTRL_DIFF2|6,0.0006256425449141134
TORQUE|6,0.0006099923644372963
TORQUE|3,0.000665518444297407
LOAD|2,0.0006515734310093718
LOAD|3,0.0014129433473317676
LOAD|1,0.001003644259398933
TORQUE_FFW|1,0.0
TORQUE_FFW|6,0.0
