Feature,Importance
LOAD|6,0.024102317183877228
TORQUE|1,0.028813380374746962
LOAD|3,0.03779216697289996
LOAD|1,0.005279202568453668
TORQUE|6,0.003864540531797565
TORQUE_FFW|2,0.0
TORQUE_FFW|3,0.0
TORQUE_FFW|6,0.0
CTRL_DIFF|6,0.0
CONT_DEV|6,0.0
TORQUE_FFW|1,0.0
