Feature,Importance
TORQUE|1,0.017695295451015045
TORQUE|2,0.0015755399454063473
TORQUE|6,0.00038862729091101674
TORQUE|3,0.0007378765655691258
LOAD|6,0.00029809562440432063
LOAD|2,0.0002943394007330624
CTRL_DIFF2|6,0.00029461494087670083
LOAD|3,0.00029661550586201565
LOAD|1,0.0002943738932412032
TORQUE_FFW|1,0.0
TORQUE_FFW|6,0.0
