Feature,Importance
LOAD|3,0.04431494309770299
CTRL_DIFF2|6,0.02379927038248804
TORQUE|1,0.015059142418352526
TORQUE|3,0.004266787995992349
TORQUE|6,0.011533690647020312
LOAD|6,0.02607772604761313
LOAD|1,0.02114889220683892
TORQUE|2,0.006760723345295765
LOAD|2,0.003719372820260534
TORQUE_FFW|1,0.0
TORQUE_FFW|6,0.0
