Feature,Importance
TORQUE|1,0.08048749908391371
LOAD|6,0.0032572144475828354
LOAD|1,0.0015826880530424288
LOAD|3,0.0017115120210122634
TORQUE|6,0.0028067342476950133
TORQUE_FFW|2,0.0
TORQUE_FFW|3,0.0
TORQUE_FFW|6,0.0
CTRL_DIFF|6,0.0
CONT_DEV|6,0.0
TORQUE_FFW|1,0.0
