Feature,Importance
LOAD|3,0.043144743684606766
LOAD|6,0.038073132614941156
TORQUE|1,0.03271200751806203
TORQUE|6,0.0035663994658806835
LOAD|1,0.004099698877665192
CTRL_DIFF2|6,0.005354900306903446
CTRL_DIFF|6,0.0
CONT_DEV|6,0.0
TORQUE_FFW|1,0.0
TORQUE_FFW|2,0.0
TORQUE_FFW|3,0.0
TORQUE_FFW|6,0.0
