Feature,Importance
TORQUE|1,0.019772704830653364
TORQUE|2,0.0049279721873833155
LOAD|2,0.0005073931858381889
CTRL_DIFF2|6,0.000510081542756009
TORQUE|6,0.0005769910720114369
LOAD|1,0.0005242288414905541
LOAD|6,0.0005124286092628126
TORQUE|3,0.0006045309875397947
LOAD|3,0.0005069197897735466
TORQUE_FFW|1,0.0
TORQUE_FFW|6,0.0
