Feature,Importance
TORQUE|1,0.06639318035511606
TORQUE|6,0.0035407740629612057
CTRL_DIFF2|6,0.001969619339195989
LOAD|3,0.0011345698439354447
LOAD|1,0.002373446079404804
LOAD|6,0.0013886580276047413
CTRL_DIFF|6,0.0
CONT_DEV|6,0.0
TORQUE_FFW|1,0.0
TORQUE_FFW|2,0.0
TORQUE_FFW|3,0.0
TORQUE_FFW|6,0.0
