Feature,Importance
LOAD|3,0.04591241075298929
TORQUE|1,0.0327989092785998
LOAD|6,0.03892019003334072
TORQUE|6,0.0037241007649395823
LOAD|1,0.004713528455712233
CTRL_DIFF2|6,0.008722910935917844
CTRL_DIFF|6,0.0
CONT_DEV|6,0.0
TORQUE_FFW|1,0.0
TORQUE_FFW|2,0.0
TORQUE_FFW|3,0.0
TORQUE_FFW|6,0.0
