Feature,Importance
TORQUE|1,0.0804729139689828
LOAD|6,0.003256768063271365
TORQUE|6,0.0027925432755922905
LOAD|1,0.0015525705319577214
LOAD|3,0.0016999176225526498
CTRL_DIFF|6,0.0
CONT_DEV|6,0.0
TORQUE_FFW|1,0.0
TORQUE_FFW|2,0.0
TORQUE_FFW|3,0.0
TORQUE_FFW|6,0.0
