Feature,Importance
LOAD|6,0.028308185170764
TORQUE|1,0.03191717717295757
LOAD|3,0.03452835081233388
TORQUE|6,0.005015368071078791
LOAD|1,0.0025504308592734777
CTRL_DIFF|6,0.0
CONT_DEV|6,0.0
TORQUE_FFW|1,0.0
TORQUE_FFW|2,0.0
TORQUE_FFW|3,0.0
TORQUE_FFW|6,0.0
