Feature,Importance
TORQUE|1,0.07934499349311724
LOAD|1,0.003861734854523404
TORQUE|6,0.0016474060234267461
LOAD|6,0.0017202267581462281
LOAD|3,0.0015907639081327995
CTRL_DIFF|6,0.0
CONT_DEV|6,0.0
TORQUE_FFW|1,0.0
TORQUE_FFW|2,0.0
TORQUE_FFW|3,0.0
TORQUE_FFW|6,0.0
