Feature,Importance
LOAD|3,0.07940811180725735
LOAD|1,0.05656198466362303
LOAD|6,0.041205589856227846
TORQUE|3,0.014365139525160189
TORQUE|6,0.020965070338262063
TORQUE|2,0.018314265249468175
CTRL_DIFF2|6,0.004884205688433621
TORQUE|1,0.009421553376200072
LOAD|2,0.006814462675066754
TORQUE_FFW|1,0.0
TORQUE_FFW|6,0.0
