Feature,Importance
TORQUE|1,0.07043169664577255
CTRL_DIFF2|6,0.0012406161697198046
LOAD|1,0.0013801326358468238
LOAD|3,0.0012623707159391709
TORQUE|6,0.0012963291222892815
LOAD|6,0.0013102791980181513
CTRL_DIFF|6,0.0
CONT_DEV|6,0.0
TORQUE_FFW|1,0.0
TORQUE_FFW|2,0.0
TORQUE_FFW|3,0.0
TORQUE_FFW|6,0.0
