Feature,Importance
TORQUE|1,0.06640402889859479
LOAD|1,0.002392148693801523
CTRL_DIFF2|6,0.001982099594309555
TORQUE|6,0.003556848627065072
LOAD|6,0.001378166076990905
LOAD|3,0.0011430857568422111
CTRL_DIFF|6,0.0
CONT_DEV|6,0.0
TORQUE_FFW|1,0.0
TORQUE_FFW|2,0.0
TORQUE_FFW|3,0.0
TORQUE_FFW|6,0.0
