Feature,Importance
TORQUE|6,0.01187753374353595
LOAD|6,0.02989657566591671
LOAD|3,0.0327229249389631
TORQUE|1,0.029849796422968033
CTRL_DIFF2|6,0.0080342564417538
LOAD|1,0.0029151460457613365
TORQUE_FFW|1,0.0
TORQUE_FFW|2,0.0
TORQUE_FFW|3,0.0
TORQUE_FFW|6,0.0
CTRL_DIFF|6,0.0
CONT_DEV|6,0.0
