Feature,Importance
TORQUE|1,1.0
TORQUE|6,0.3136720958094092
LOAD|3,0.2012254897978506
LOAD|6,0.1774285245423652
CTRL_DIFF2|6,0.03914084550938075
LOAD|1,0.032248277781232466
CTRL_DIFF|6,0.0
CONT_DEV|6,0.0
TORQUE_FFW|1,0.0
TORQUE_FFW|2,0.0
TORQUE_FFW|3,0.0
TORQUE_FFW|6,0.0
