Feature,Importance
LOAD|6,0.0005584785249084234
TORQUE|3,0.00041201524436473846
LOAD|1,0.0001745277550071478
LOAD|3,0.00013987324200570583
TORQUE|1,4.96935099363327e-05
LOAD|2,1.5698722563683987e-05
CTRL_DIFF2|6,0.0
TORQUE|2,0.0
TORQUE|6,0.0
TORQUE_FFW|1,0.0
TORQUE_FFW|2,0.0
TORQUE_FFW|3,0.0
TORQUE_FFW|6,0.0
