Feature,Importance
TORQUE|1,1.0
TORQUE|6,0.3536403347192253
LOAD|6,0.32420447506811384
LOAD|3,0.17480780363786522
LOAD|1,0.08123086639164741
CTRL_DIFF2|6,0.06292527113957565
CTRL_DIFF|6,0.0
CONT_DEV|6,0.0
TORQUE_FFW|1,0.0
TORQUE_FFW|2,0.0
TORQUE_FFW|3,0.0
TORQUE_FFW|6,0.0
