Feature,Importance
TORQUE|3,0.0005883746780455112
LOAD|3,5.989987403154373e-05
TORQUE_FFW|2,2.955365926027298e-05
TORQUE|1,1.262035220861435e-05
TORQUE_FFW|6,1.028645783662796e-06
LOAD|1,0.0
LOAD|2,0.0
LOAD|6,0.0
CTRL_DIFF2|6,0.0
TORQUE|2,0.0
TORQUE|6,0.0
TORQUE_FFW|1,0.0
TORQUE_FFW|3,0.0
