Feature,Importance
TORQUE|3,0.0003909075167030096
TORQUE|1,0.0001604792196303606
LOAD|3,0.00014110282063484192
LOAD|1,0.00010502198711037636
TORQUE_FFW|1,0.00010386505164206028
TORQUE_FFW|2,6.353459320962429e-05
TORQUE_FFW|3,4.248763434588909e-05
TORQUE_FFW|6,3.249873407185078e-05
LOAD|2,0.0
LOAD|6,0.0
CTRL_DIFF2|6,0.0
TORQUE|2,0.0
TORQUE|6,0.0
