Feature,Importance
TORQUE|6,1.0
TORQUE|1,0.8282758356394206
LOAD|3,0.39512983895335574
LOAD|6,0.3897018567523187
LOAD|1,0.09005075762073876
CTRL_DIFF|6,0.0
CONT_DEV|6,0.0
TORQUE_FFW|1,0.0
TORQUE_FFW|2,0.0
TORQUE_FFW|3,0.0
TORQUE_FFW|6,0.0
