Feature,Importance
TORQUE|1,1.0
TORQUE|6,0.5814285181473154
CTRL_DIFF2|6,0.4710953993962511
LOAD|6,0.29641478128317544
LOAD|1,0.21040492957498422
LOAD|3,0.18612201373363782
CTRL_DIFF|6,0.0
CONT_DEV|6,0.0
TORQUE_FFW|1,0.0
TORQUE_FFW|2,0.0
TORQUE_FFW|3,0.0
TORQUE_FFW|6,0.0
