Feature,Importance
TORQUE|1,1.0
TORQUE|6,0.24663355770779277
LOAD|3,0.1298921953418791
LOAD|6,0.09827568307404137
LOAD|1,0.012690442851278582
TORQUE_FFW|6,0.002576717319362908
CTRL_DIFF|6,0.0
CONT_DEV|6,0.0
TORQUE_FFW|1,0.0
TORQUE_FFW|2,0.0
TORQUE_FFW|3,0.0
