Feature,Importance
TORQUE|6,0.0007894581649452448
TORQUE|1,0.00024966150522232056
LOAD|3,0.0001012636348605156
TORQUE_FFW|2,2.2081192582845688e-05
LOAD|1,0.0
LOAD|6,0.0
CTRL_DIFF2|6,0.0
CTRL_DIFF|6,0.0
CONT_DEV|6,0.0
TORQUE_FFW|1,0.0
TORQUE_FFW|3,0.0
TORQUE_FFW|6,0.0
