Feature,Importance
TORQUE|1,1.0
TORQUE|6,0.8570519740109424
LOAD|3,0.6745908939792563
LOAD|6,0.6572949544616875
CTRL_DIFF2|6,0.3522641919873913
LOAD|1,0.24772513657389356
CTRL_DIFF|6,0.0
CONT_DEV|6,0.0
TORQUE_FFW|1,0.0
TORQUE_FFW|2,0.0
TORQUE_FFW|3,0.0
TORQUE_FFW|6,0.0
