Feature,Importance
TORQUE|1,1.0
TORQUE|6,0.21521661395294878
LOAD|3,0.08601057029500069
LOAD|6,0.05093421100059758
LOAD|1,0.03304567732533008
CONT_DEV|6,0.015958852999659653
TORQUE_FFW|6,0.010537214760532883
TORQUE_FFW|1,0.00534750884942755
CTRL_DIFF|6,0.0
TORQUE_FFW|2,0.0
TORQUE_FFW|3,0.0
