Feature,Importance
TORQUE|1,1.0
TORQUE|6,0.4573407764791039
LOAD|3,0.2756081621175472
LOAD|6,0.22761002637560634
LOAD|1,0.22102393592784592
CTRL_DIFF|6,0.0
CONT_DEV|6,0.0
TORQUE_FFW|1,0.0
TORQUE_FFW|2,0.0
TORQUE_FFW|3,0.0
TORQUE_FFW|6,0.0
