Feature,Importance
TORQUE|1,1.0
TORQUE|6,0.8747926543454299
LOAD|6,0.5001899553738642
LOAD|3,0.3720770951275109
LOAD|1,0.3097476536498186
CTRL_DIFF|6,0.0
CONT_DEV|6,0.0
TORQUE_FFW|1,0.0
TORQUE_FFW|2,0.0
TORQUE_FFW|3,0.0
TORQUE_FFW|6,0.0
