Feature,Importance
LOAD|6,0.0008735526353120804
TORQUE|3,0.0006612236611545086
LOAD|1,0.00033313361927866936
LOAD|3,0.00017068302258849144
TORQUE_FFW|6,1.4973804354667664e-05
TORQUE_FFW|3,1.1330004781484604e-05
LOAD|2,0.0
CTRL_DIFF2|6,0.0
TORQUE|1,0.0
TORQUE|2,0.0
TORQUE|6,0.0
TORQUE_FFW|1,0.0
TORQUE_FFW|2,0.0
