Feature,Importance
TORQUE|1,1.0
TORQUE|2,0.8099940730201527
TORQUE|3,0.4775406926671315
LOAD|6,0.2990021299392617
LOAD|1,0.2760746038443918
LOAD|3,0.23639238914946364
TORQUE|6,0.22341432683429258
CTRL_DIFF2|6,0.12746292105822288
LOAD|2,0.09537460750163007
TORQUE_FFW|1,0.0
TORQUE_FFW|2,0.0
TORQUE_FFW|3,0.0
TORQUE_FFW|6,0.0
