Feature,Importance
TORQUE|1,1.0
LOAD|6,0.8801025361330788
LOAD|3,0.7674916825743114
LOAD|1,0.6955418598309244
TORQUE|6,0.644223616034906
CTRL_DIFF2|6,0.43626724843196074
CTRL_DIFF|6,0.0
CONT_DEV|6,0.0
TORQUE_FFW|1,0.0
TORQUE_FFW|2,0.0
TORQUE_FFW|3,0.0
TORQUE_FFW|6,0.0
